City,Lat,Lng,Max Temp,Humidity,Cloudiness,Wind Speed,Country,Date
Rikitea,-23.1203,-134.9692,79.05,74,5.0,18.1,PF,1649623334.0
Castro,-24.7911,-50.0119,67.8,72,34.0,3.91,BR,1649623098.0
Camacha,33.0833,-16.3333,60.22,77,40.0,14.97,PT,1649623334.0
Santa Cruz de la Sierra,-17.8,-63.1667,87.85,58,40.0,23.02,BO,1649623156.0
Departamento de Maldonado,-34.6667,-54.9167,78.22,64,7.0,16.08,UY,1649623335.0
Mataura,-46.1927,168.8643,45.63,86,4.0,3.96,NZ,1649623335.0
Orapa,-21.2833,25.3667,64.62,80,46.0,13.13,BW,1649623336.0
Basoko,1.2391,23.616,75.07,85,100.0,3.22,CD,1649623336.0
Cape Town,-33.9258,18.4232,69.12,74,0.0,9.22,ZA,1649623336.0
Morant Bay,17.8815,-76.4093,82.71,74,34.0,12.66,JM,1649623336.0
Vernon,50.2581,-119.2691,49.6,34,100.0,4.61,CA,1649623278.0
Tautira,-17.7333,-149.15,81.46,76,29.0,18.7,PF,1649623337.0
Albany,42.6001,-73.9662,46.92,59,99.0,5.99,US,1649623337.0
Fairbanks,64.8378,-147.7164,21.31,67,100.0,0.0,US,1649623232.0
Arrondissement de Nevers,46.9167,3.3333,42.19,67,100.0,6.91,FR,1649623211.0
Port Alfred,-33.5906,26.891,66.18,92,100.0,5.01,ZA,1649623338.0
Longyearbyen,78.2186,15.6401,12.04,52,53.0,27.63,SJ,1649623110.0
Atuona,-9.8,-139.0333,79.09,77,14.0,16.96,PF,1649623338.0
Tuktoyaktuk,69.4541,-133.0374,-0.4,71,40.0,13.8,CA,1649623339.0
Saldanha,-33.0117,17.9442,69.85,65,0.0,8.37,ZA,1649623339.0
Saskylakh,71.9167,114.0833,-18.8,100,23.0,3.18,RU,1649623340.0
Hobart,-42.8794,147.3294,53.26,65,75.0,5.75,AU,1649623340.0
Cherskiy,68.75,161.3,-12.3,95,100.0,4.38,RU,1649623341.0
Puerto Ayora,-0.7393,-90.3518,84.16,90,93.0,7.0,EC,1649623341.0
New Norfolk,-42.7826,147.0587,52.92,55,100.0,5.06,AU,1649623341.0
Buchanan,5.8808,-10.0467,80.62,86,50.0,6.87,LR,1649623342.0
Belyy Yar,53.6039,91.3903,29.86,70,0.0,8.95,RU,1649623342.0
Taoudenni,22.6783,-3.9836,82.26,7,2.0,9.24,ML,1649623342.0
Jamestown,42.097,-79.2353,39.94,54,100.0,13.8,US,1649623293.0
Punta Arenas,-53.15,-70.9167,50.11,53,0.0,11.5,CL,1649623343.0
Luang Prabang,19.8856,102.1347,75.34,64,66.0,1.68,LA,1649623343.0
Japura,-0.3167,102.35,73.27,98,100.0,2.13,ID,1649623343.0
Banda Aceh,5.5577,95.3222,79.03,82,86.0,1.95,ID,1649623344.0
Busselton,-33.65,115.3333,52.29,85,64.0,6.85,AU,1649623344.0
Kapaa,22.0752,-159.319,75.52,92,100.0,14.97,US,1649623345.0
Guerrero Negro,27.9769,-114.0611,72.55,53,1.0,13.51,MX,1649623345.0
Hermanus,-34.4187,19.2345,66.79,84,4.0,9.95,ZA,1649623345.0
Ushuaia,-54.8,-68.3,46.06,61,40.0,8.05,AR,1649623247.0
Panguipulli,-39.6333,-72.3333,48.22,90,97.0,1.54,CL,1649623346.0
Thabazimbi,-24.5917,27.4116,59.2,95,100.0,3.22,ZA,1649623346.0
Yangi Marg`ilon,40.4272,71.7189,65.12,63,61.0,6.91,UZ,1649623346.0
Chui,-33.6971,-53.4616,69.66,82,26.0,14.16,UY,1649623347.0
Hithadhoo,-0.6,73.0833,83.48,72,30.0,11.88,MV,1649623347.0
Carnarvon,-24.8667,113.6333,62.67,88,0.0,6.91,AU,1649623348.0
Muravlenko,63.7898,74.523,29.19,94,100.0,15.52,RU,1649623348.0
Fort-Shevchenko,44.5086,50.263,54.9,64,0.0,10.45,KZ,1649623348.0
Guánica,17.9716,-66.908,83.5,76,99.0,10.71,PR,1649623188.0
Mpika,-11.8343,31.4529,62.04,97,87.0,8.84,ZM,1649623349.0
Yellowknife,62.456,-114.3525,17.42,72,75.0,17.27,CA,1649623349.0
Hervey Bay,-25.2986,152.8535,72.63,78,10.0,9.86,AU,1649623349.0
George Town,5.4112,100.3354,80.53,93,20.0,2.3,MY,1649623202.0
Katsuura,35.1333,140.3,62.08,89,100.0,12.37,JP,1649623350.0
Torbat-e Jām,35.244,60.6225,63.52,39,69.0,5.73,IR,1649623350.0
Hasaki,35.7333,140.8333,52.2,88,94.0,12.97,JP,1649623350.0
Kaeo,-35.1,173.7833,65.46,66,100.0,9.75,NZ,1649623351.0
Bhādra,29.1167,75.1667,86.2,9,18.0,6.38,IN,1649623351.0
Mehrān,33.1222,46.1646,73.74,21,91.0,6.24,IR,1649623351.0
Laguna,38.421,-121.4238,72.18,22,0.0,12.66,US,1649623352.0
Vändra,58.6481,25.0361,35.26,84,7.0,9.1,EE,1649623352.0
Quatre Cocos,-20.2078,57.7625,77.11,82,46.0,16.15,MU,1649623352.0
Torbay,47.6666,-52.7314,39.27,94,100.0,8.05,CA,1649623057.0
Mehamn,71.0357,27.8492,37.35,87,40.0,13.8,NO,1649623353.0
Sheridan,44.8333,-106.9173,43.18,31,40.0,14.97,US,1649623353.0
East London,-33.0153,27.9116,65.98,88,100.0,15.17,ZA,1649623353.0
Kununurra,-15.7667,128.7333,66.18,88,9.0,2.3,AU,1649623353.0
Leningradskiy,69.3833,178.4167,-2.58,88,65.0,3.38,RU,1649623354.0
Butaritari,3.0707,172.7902,79.88,79,99.0,9.31,KI,1649623354.0
Mazagão,-0.115,-51.2894,84.25,97,100.0,5.73,BR,1649623354.0
Cabo San Lucas,22.8909,-109.9124,81.61,60,0.0,19.57,MX,1649623164.0
Faya,18.3851,42.4509,66.31,43,0.0,3.2,SA,1649623355.0
Arrondissement de Saint-Jean-de-Maurienne,45.1667,6.5833,24.13,62,24.0,4.45,FR,1649623355.0
Nantucket,41.2835,-70.0995,55.54,59,0.0,23.02,US,1649623246.0
Arraial do Cabo,-22.9661,-42.0278,78.76,78,0.0,8.05,BR,1649623356.0
Svetlaya,46.5389,138.3297,34.74,97,100.0,7.25,RU,1649623356.0
Moose Factory,51.2585,-80.6094,33.8,74,40.0,10.36,CA,1649623356.0
Marystown,47.1666,-55.1483,41.86,100,98.0,7.0,CA,1649623356.0
Asău,46.4333,26.4,40.95,79,100.0,6.89,RO,1649623357.0
Vaini,-21.2,-175.2,79.09,82,66.0,15.82,TO,1649623357.0
Avarua,-21.2078,-159.775,84.25,79,20.0,6.91,CK,1649623357.0
Talnakh,69.4865,88.3972,-2.15,98,95.0,5.1,RU,1649623358.0
Aykhal,66.0,111.5,7.16,100,71.0,2.93,RU,1649623358.0
Qaanaaq,77.484,-69.3632,-3.3,81,23.0,5.46,GL,1649623358.0
Miandrivazo,-19.5167,45.4667,78.71,78,64.0,0.72,MG,1649623359.0
Bull Savanna,17.8868,-77.5902,78.03,72,66.0,2.95,JM,1649623359.0
Sheregesh,52.9209,87.9869,23.88,98,100.0,2.64,RU,1649623359.0
Vieira de Leiria,39.8695,-8.9324,60.91,71,20.0,10.36,PT,1649623360.0
Dutse,11.7594,9.3392,89.26,18,97.0,5.73,NG,1649623360.0
Lompoc,34.6391,-120.4579,77.68,51,0.0,20.71,US,1649623360.0
Vacha,55.8008,42.7706,46.4,94,100.0,7.85,RU,1649623361.0
Macenta,8.5435,-9.471,75.18,77,82.0,3.04,GN,1649623361.0
Bandarbeyla,9.4942,50.8122,80.28,78,7.0,5.3,SO,1649623361.0
Ribeira Grande,38.5167,-28.7,55.8,71,40.0,26.46,PT,1649623362.0
Nikolskoye,59.7035,30.7861,39.09,88,13.0,9.28,RU,1649623362.0
Coyhaique,-45.5752,-72.0662,56.01,86,92.0,7.14,CL,1649623362.0
Lata,40.1629,-8.3327,58.91,68,69.0,5.23,PT,1649623363.0
Dikson,73.5069,80.5464,-7.33,100,100.0,4.43,RU,1649623363.0
Tasiilaq,65.6145,-37.6368,24.96,87,65.0,4.52,GL,1649623363.0
Byron Bay,-28.65,153.6167,65.95,91,37.0,7.9,AU,1649623364.0
Qaqortoq,60.7167,-46.0333,32.34,58,100.0,4.83,GL,1649623364.0
Mahébourg,-20.4081,57.7,77.29,88,40.0,10.36,MU,1649623364.0
Kamenka,51.3223,42.7678,53.1,71,99.0,8.79,RU,1649623365.0
Toyooka,35.5333,134.8333,56.79,79,100.0,6.22,JP,1649623365.0
Aldan,58.6031,125.3894,9.25,98,96.0,2.1,RU,1649623365.0
Ţahţā,26.7693,31.5021,78.17,17,56.0,8.41,EG,1649623365.0
Lebu,-37.6167,-73.65,54.09,75,40.0,13.04,CL,1649623366.0
Hilo,19.7297,-155.09,76.24,91,100.0,4.61,US,1649623366.0
Vestmannaeyjar,63.4427,-20.2734,39.69,70,100.0,25.99,IS,1649623366.0
‘Āhuimanu,21.4447,-157.8378,80.85,64,75.0,13.8,US,1649623367.0
Chokurdakh,70.6333,147.9167,-17.73,100,100.0,2.86,RU,1649623367.0
Pathein,16.7833,94.7333,77.7,81,14.0,6.22,MM,1649623367.0
Tigil',57.8,158.6667,18.0,93,100.0,8.16,RU,1649623368.0
Coquimbo,-29.9533,-71.3436,60.53,77,20.0,11.5,CL,1649623201.0
Mariinsk,56.2139,87.7472,18.23,94,15.0,4.18,RU,1649623369.0
São Filipe,14.8961,-24.4956,73.6,72,4.0,14.97,CV,1649623369.0
Kavieng,-2.5744,150.7967,81.84,79,100.0,9.86,PG,1649623370.0
Zhigalovo,54.8097,105.1578,27.48,95,100.0,4.12,RU,1649623370.0
Mezen',65.8522,44.24,36.03,92,100.0,9.64,RU,1649623370.0
Batagay,67.6333,134.6333,-10.66,99,83.0,1.92,RU,1649623371.0
Anadyr,64.75,177.4833,23.49,85,0.0,2.24,RU,1649623371.0
Itarema,-2.9248,-39.9167,77.18,88,91.0,6.22,BR,1649623371.0
Krasnosel'kup,65.7,82.4667,14.07,95,100.0,9.93,RU,1649623371.0
Ambilobe,-13.2,49.05,73.56,95,11.0,2.8,MG,1649623372.0
Krasnoshchekovo,51.6708,82.7289,32.58,86,7.0,6.44,RU,1649623372.0
Wamba,8.9333,8.6,82.08,51,75.0,1.88,NG,1649623372.0
Kupang,-10.1667,123.5833,75.79,87,61.0,4.61,ID,1649623373.0
Chardara,41.2547,67.9692,67.37,47,100.0,8.72,KZ,1649623279.0
Ponta Delgada,37.7333,-25.6667,57.92,62,20.0,13.8,PT,1649623373.0
Merauke,-8.4667,140.3333,77.74,89,97.0,5.21,ID,1649623373.0
Silvânia,-16.6589,-48.6081,74.41,74,76.0,2.19,BR,1649623374.0
Price,39.5994,-110.8107,49.12,11,0.0,12.66,US,1649623374.0
Fortuna,40.5982,-124.1573,56.93,63,0.0,16.11,US,1649623374.0
Ginda,30.6945,78.4932,59.67,24,0.0,8.75,IN,1649623375.0
Batemans Bay,-35.7167,150.1833,62.1,82,35.0,4.05,AU,1649623375.0
Portland,45.5234,-122.6762,47.44,80,100.0,9.22,US,1649623146.0
Thompson,55.7435,-97.8558,35.76,87,75.0,9.22,CA,1649623375.0
Kasama,-10.2129,31.1808,61.68,98,58.0,5.79,ZM,1649623376.0
Rincón de la Victoria,36.7172,-4.2758,64.35,69,99.0,1.92,ES,1649623376.0
Bambous Virieux,-20.3428,57.7575,77.25,88,40.0,10.36,MU,1649623376.0
Doka,13.5167,35.7667,91.87,14,0.0,7.94,SD,1649623377.0
Shimoda,34.6667,138.95,60.1,82,100.0,7.36,JP,1649623377.0
Denpasar,-8.65,115.2167,76.71,94,20.0,2.3,ID,1649623204.0
Mar del Plata,-38.0023,-57.5575,70.09,97,100.0,18.99,AR,1649623343.0
Chul'man,56.8479,124.9104,-7.15,100,100.0,1.9,RU,1649623377.0
Severo-Kuril'sk,50.6789,156.125,30.11,84,94.0,16.15,RU,1649623138.0
Kruisfontein,-34.0033,24.7314,64.89,93,70.0,4.59,ZA,1649623378.0
Gisborne,-38.6533,178.0042,60.12,73,2.0,5.37,NZ,1649623378.0
Hamilton,39.1834,-84.5333,64.26,37,0.0,14.97,US,1649623230.0
Vila,42.0304,-8.1588,49.08,77,80.0,7.83,PT,1649623379.0
San Cristobal,7.7669,-72.225,80.78,42,100.0,5.73,VE,1649623379.0
Yeppoon,-23.1333,150.7333,69.58,87,49.0,12.91,AU,1649623379.0
Pevek,69.7008,170.3133,-16.74,96,35.0,5.41,RU,1649623380.0
Nome,64.5011,-165.4064,32.16,86,100.0,3.44,US,1649623380.0
Port Elizabeth,-33.918,25.5701,67.1,96,75.0,18.41,ZA,1649623380.0
Lewiston,44.1003,-70.2148,54.84,49,20.0,16.11,US,1649623360.0
Poum,-20.2333,164.0167,79.88,73,85.0,10.67,NC,1649623380.0
São Gabriel da Cachoeira,-0.1303,-67.0892,82.9,79,100.0,1.25,BR,1649623381.0
Comodoro Rivadavia,-45.8667,-67.5,60.66,59,40.0,11.5,AR,1649623381.0
Pochutla,15.7432,-96.4661,89.82,40,52.0,8.63,MX,1649623381.0
Saint-Pierre,-21.3393,55.4781,78.48,81,40.0,23.02,RE,1649623382.0
Ribas do Rio Pardo,-20.4431,-53.7592,84.78,59,61.0,5.77,BR,1649623383.0
Barrow,71.2906,-156.7887,-3.98,77,100.0,12.66,US,1649623383.0
Bhadrāchalam,17.6667,80.8833,82.06,68,100.0,6.4,IN,1649623383.0
Voh,-20.9667,164.7,75.92,87,82.0,2.28,NC,1649623384.0
Bredasdorp,-34.5322,20.0403,63.99,89,1.0,10.47,ZA,1649623384.0
Jambi City,-1.6,103.6167,73.94,98,98.0,1.52,ID,1649623384.0
Visnes,59.3556,5.2242,41.05,75,40.0,14.97,NO,1649623385.0
Bulawayo,-20.15,28.5833,58.39,93,100.0,11.1,ZW,1649623385.0
São João da Barra,-21.6403,-41.0511,80.69,82,16.0,10.92,BR,1649623385.0
Nanortalik,60.1432,-45.2371,31.57,80,100.0,4.09,GL,1649623386.0
Sfântu Gheorghe,45.8667,25.7833,36.66,98,100.0,4.05,RO,1649623386.0
Çubuk,40.2386,33.0322,60.55,44,0.0,4.61,TR,1649623386.0
Ilhabela,-23.7781,-45.3581,74.43,88,69.0,2.53,BR,1649623387.0
Inongo,-1.95,18.2667,75.06,86,40.0,2.1,CD,1649623387.0
Bagdarin,54.4333,113.6,20.05,91,100.0,3.29,RU,1649623388.0
Nago,26.5881,127.9761,72.45,95,79.0,8.05,JP,1649623388.0
Port Montt,-41.4698,-72.9447,51.64,73,100.0,4.27,CL,1649623388.0
Genhe,50.7833,121.5167,19.27,95,28.0,3.62,CN,1649623389.0
Egvekinot,66.3167,-179.1667,23.29,97,100.0,11.48,RU,1649623389.0
Corinth,37.9407,22.9573,57.88,60,2.0,4.0,GR,1649623389.0
Kavaratti,10.5669,72.642,83.57,77,94.0,11.23,IN,1649623390.0
Rio Bananal,-19.265,-40.3333,75.29,93,76.0,5.1,BR,1649623390.0
Ciudad Valles,21.9833,-99.0167,97.48,25,0.0,12.46,MX,1649623390.0
Constitución,-35.3333,-72.4167,57.36,69,23.0,11.77,CL,1649623391.0
Methóni,36.8197,21.7049,55.26,72,0.0,25.79,GR,1649623391.0
Deputatsky,69.3,139.9,-10.68,94,77.0,2.19,RU,1649623391.0
Kieta,-6.2167,155.6333,80.53,77,93.0,1.05,PG,1649623392.0
Tuatapere,-46.1333,167.6833,51.44,77,2.0,7.23,NZ,1649623392.0
Vila Franca do Campo,37.7167,-25.4333,57.61,66,81.0,21.74,PT,1649623393.0
Samarai,-10.6167,150.6667,83.79,76,65.0,17.49,PG,1649623393.0
Mount Gambier,-37.8333,140.7667,51.71,82,84.0,5.75,AU,1649623393.0
Los Llanos de Aridane,28.6585,-17.9182,62.35,91,0.0,4.61,ES,1649623394.0
Norrköping,58.5942,16.1826,41.99,60,100.0,11.5,SE,1649623394.0
Nāgothana,18.5333,73.1333,78.84,75,100.0,1.5,IN,1649623394.0
Airai,-8.9266,125.4092,57.49,73,82.0,1.81,TL,1649623395.0
Caucayá,-0.1934,-74.7819,72.23,99,100.0,1.23,CO,1649623395.0
Hokitika,-42.7167,170.9667,54.81,72,98.0,1.63,NZ,1649623395.0
Narsaq,60.9167,-46.05,37.62,50,100.0,2.44,GL,1649623396.0
San Juan de los Morros,9.9115,-67.3538,91.76,34,99.0,4.94,VE,1649623396.0
Soe,-9.8607,124.284,62.44,83,8.0,2.82,ID,1649623396.0
Saint George,37.1041,-113.5841,68.63,10,0.0,5.01,US,1649623397.0
Skibbereen,51.55,-9.2667,50.11,89,100.0,25.19,IE,1649623397.0
Bathsheba,13.2167,-59.5167,83.01,74,40.0,18.41,BB,1649623397.0
Sitka,57.0531,-135.33,46.29,46,0.0,14.97,US,1649623284.0
Yar-Sale,66.8333,70.8333,33.89,100,100.0,11.45,RU,1649623398.0
La Providencia,28.7167,-111.5833,86.2,55,0.0,24.54,MX,1649623398.0
Cidreira,-30.1811,-50.2056,72.01,88,100.0,18.25,BR,1649623399.0
Esperance,-33.8667,121.9,58.84,87,60.0,12.26,AU,1649623285.0
Tubualá,9.5167,-79.0333,80.65,75,100.0,15.01,PA,1649623399.0
Masterton,-40.9597,175.6575,57.7,83,11.0,4.52,NZ,1649623399.0
Harrisonburg,38.4496,-78.8689,58.8,40,0.0,8.05,US,1649623207.0
Aksu,41.1231,80.2644,62.65,36,58.0,6.67,CN,1649623400.0
Kalulushi,-12.8378,28.0919,60.51,98,95.0,4.27,ZM,1649623400.0
Saint-Philippe,-21.3585,55.7679,78.39,80,54.0,13.18,RE,1649623401.0
Tromsø,69.6496,18.957,33.82,55,20.0,5.75,NO,1649623401.0
Jos,9.9167,8.9,77.16,34,81.0,1.63,NG,1649623401.0
Ancud,-41.8697,-73.8203,53.22,72,66.0,6.38,CL,1649623402.0
San Patricio,28.017,-97.5169,87.17,57,83.0,27.25,US,1649623402.0
Skegness,53.1436,0.3363,49.33,78,100.0,10.38,GB,1649623403.0
Tessalit,20.1986,1.0114,84.99,6,0.0,6.51,ML,1649623403.0
Koumac,-20.5667,164.2833,78.37,79,59.0,6.4,NC,1649623403.0
Brae,60.3964,-1.353,36.46,63,100.0,4.23,GB,1649623404.0
Tipperary,52.4733,-8.1558,47.05,79,100.0,16.49,IE,1649623368.0
Bluff,-46.6,168.3333,49.86,81,3.0,15.75,NZ,1649623404.0
Geraldton,-28.7667,114.6,63.01,94,100.0,1.14,AU,1649623404.0
Hof,50.3167,11.9167,35.74,78,46.0,6.91,DE,1649623405.0
Port Lincoln,-34.7333,135.8667,62.71,82,97.0,15.12,AU,1649623405.0
Jinka,5.65,36.65,68.85,63,68.0,4.43,ET,1649623405.0
Boda,4.3189,17.4695,70.84,92,100.0,3.02,CF,1649623406.0
Aberdeen,57.1437,-2.0981,42.21,88,100.0,6.91,GB,1649623179.0
Kargasok,59.0556,80.8572,6.15,96,63.0,2.95,RU,1649623406.0
Khatanga,71.9667,102.5,-0.42,99,97.0,0.85,RU,1649623407.0
Pemangkat,1.1667,108.9667,77.76,80,81.0,4.0,ID,1649623407.0
Vila do Maio,15.1333,-23.2167,72.39,81,0.0,18.07,CV,1649623407.0
Cleveland,41.4995,-81.6954,55.08,53,0.0,10.36,US,1649623287.0
Dubno,50.4169,25.7343,37.89,73,100.0,10.51,UA,1649623408.0
Marawi,7.9986,124.2928,68.74,95,100.0,7.92,PH,1649623408.0
Atar,20.5169,-13.0499,82.56,6,7.0,4.63,MR,1649623408.0
Jasrāna,27.25,78.6833,84.54,10,34.0,5.41,IN,1649623409.0
Meulaboh,4.1363,96.1285,77.32,87,100.0,2.08,ID,1649623409.0
Mitchell,43.7094,-98.0298,48.74,70,100.0,24.16,US,1649623409.0
College,64.8569,-147.8028,22.28,65,100.0,0.0,US,1649623410.0
Teya,60.3778,92.6267,5.45,99,96.0,2.08,RU,1649623410.0
Pamyat' Parizhskoy Kommuny,56.1048,44.4952,49.95,90,100.0,8.75,RU,1649623410.0
Fort Nelson,58.8053,-122.7002,27.99,54,40.0,9.22,CA,1649623294.0
Hornepayne,49.2138,-84.7705,41.31,84,60.0,4.9,CA,1649623411.0
Ponta do Sol,32.6667,-17.1,65.03,80,17.0,13.85,PT,1649623411.0
Ust-Tsilma,65.441,52.1498,38.03,98,100.0,9.48,RU,1649623411.0
Tougue,11.4667,-11.6,82.54,22,0.0,3.56,GN,1649623412.0
Pangnirtung,66.1451,-65.7125,19.4,68,75.0,8.05,CA,1649623412.0
Vardø,70.3705,31.1107,35.58,93,75.0,25.32,NO,1649623412.0
Loukhi,66.0764,33.0381,31.69,95,67.0,10.22,RU,1649623413.0
Thunder Bay,48.4001,-89.3168,40.98,52,75.0,10.36,CA,1649623331.0
Plettenberg Bay,-34.0527,23.3716,64.67,84,3.0,5.5,ZA,1649623413.0
Bolshoye Nagatkino,54.5196,47.9679,35.2,100,100.0,3.65,RU,1649623413.0
Namatanai,-3.6667,152.4333,80.47,76,82.0,4.74,PG,1649623414.0
Loreto,22.2667,-101.9667,80.8,16,6.0,24.47,MX,1649623414.0
Koné,-21.0595,164.8658,75.99,88,85.0,2.04,NC,1649623414.0
Cadillac,44.2519,-85.4012,55.31,24,0.0,9.22,US,1649623415.0
Bengkulu,-3.8004,102.2655,75.06,92,75.0,3.89,ID,1649623415.0
Mineros,-17.1167,-63.2333,85.05,62,89.0,9.26,BO,1649623415.0
Gao,16.6362,1.637,91.22,7,0.0,9.22,ML,1649623416.0
Saint Paul Harbor,57.79,-152.4072,42.31,33,0.0,8.05,US,1649623416.0
Haapiti,-17.5667,-149.8667,78.53,71,37.0,19.77,PF,1649623416.0
San Ramon,37.7799,-121.978,72.95,30,0.0,16.11,US,1649623123.0
Hailar,49.2,119.7,25.0,81,99.0,6.08,CN,1649623417.0
Goianésia,-15.3175,-49.1175,73.29,87,86.0,2.59,BR,1649623417.0
Synya,65.3718,58.0387,39.25,95,100.0,12.08,RU,1649623417.0
Emerald,-23.5333,148.1667,68.14,100,0.0,4.61,AU,1649623387.0
Te Anau,-45.4167,167.7167,52.0,77,26.0,8.28,NZ,1649623418.0
Aksarka,66.5606,67.7975,33.76,99,100.0,10.87,RU,1649623418.0
Northam,51.0333,-4.2167,47.25,64,100.0,17.76,GB,1649623418.0
Cap-aux-Meules,47.3821,-61.8597,33.85,93,100.0,16.11,CA,1649623229.0
Biltine,14.5333,20.9167,87.26,19,22.0,4.38,TD,1649623419.0
Wukari,7.85,9.7833,82.31,53,96.0,4.83,NG,1649623419.0
Gemeente Wageningen,51.9667,5.6667,45.95,83,100.0,5.53,NL,1649623419.0
Waliso,8.5333,37.9833,67.71,48,89.0,7.14,ET,1649623420.0
Saint-François,46.4154,3.9054,45.84,62,0.0,8.05,FR,1649623420.0
Goundi,9.3627,17.366,85.6,40,99.0,4.18,TD,1649623420.0
Nador,35.174,-2.9287,61.05,88,40.0,3.44,MA,1649623421.0
Duekoué,6.7472,-7.3496,77.99,78,70.0,4.83,CI,1649623421.0
Kintampo,8.0563,-1.7306,86.31,40,36.0,5.79,GH,1649623421.0
Duluth,46.7833,-92.1066,50.05,52,0.0,20.71,US,1649623422.0
Berbérati,4.2612,15.7922,70.05,94,83.0,2.28,CF,1649623422.0
Sibut,5.718,19.0739,75.97,69,77.0,3.6,CF,1649623422.0
Ust'-Kut,56.7938,105.7672,26.22,98,100.0,2.46,RU,1649623423.0
Labuhan,-6.8844,112.2051,76.66,88,22.0,5.12,ID,1649623423.0
Ciudad Bolivar,8.1222,-63.5497,99.57,26,100.0,10.6,VE,1649623423.0
Salalah,17.0151,54.0924,80.69,89,0.0,2.3,OM,1649623423.0
Rancho Palos Verdes,33.7445,-118.387,76.41,68,75.0,10.36,US,1649623424.0
Chingirlau,51.095,54.0814,46.98,94,18.0,7.34,KZ,1649623424.0
Alice Springs,-23.7,133.8833,69.22,32,29.0,4.61,AU,1649623424.0
Lorengau,-2.0226,147.2712,81.52,80,59.0,9.95,PG,1649623425.0
Havelock,34.8791,-76.9013,62.58,37,0.0,17.27,US,1649623425.0
Whitehorse,60.7161,-135.0538,24.1,41,75.0,10.36,CA,1649623425.0
Warner Robins,32.621,-83.5999,76.93,24,0.0,9.22,US,1649623245.0
Empório,40.4833,21.55,35.96,82,98.0,8.12,GR,1649623426.0
Touros,-5.1989,-35.4608,80.46,79,100.0,9.64,BR,1649623426.0
Bonavista,48.6499,-53.1147,32.72,97,100.0,15.37,CA,1649623426.0
San Francisco,37.7749,-122.4194,74.52,50,75.0,24.16,US,1649622898.0
Loudi,27.7344,111.9944,67.26,72,0.0,1.68,CN,1649623147.0
Naze,28.3667,129.4833,67.12,91,82.0,11.12,JP,1649623427.0
Humaitá,-7.5061,-63.0208,81.72,86,100.0,1.7,BR,1649623427.0
Araguaçu,-12.9306,-49.8264,82.8,68,8.0,3.04,BR,1649623427.0
Huilong,31.8111,121.655,61.93,92,1.0,7.87,CN,1649623428.0
Semirara,12.0697,121.3986,80.28,78,100.0,10.36,PH,1649623428.0
Okhotsk,59.3833,143.3,22.84,90,100.0,9.37,RU,1649623428.0
Milazzo,38.2212,15.2383,56.57,71,21.0,8.01,IT,1649623429.0
Port-Cartier,50.0334,-66.8654,39.74,100,100.0,4.25,CA,1649623429.0
Baijiantan,45.6333,85.1833,50.29,26,16.0,8.5,CN,1649623429.0
Hong Kong,22.2855,114.1577,74.32,87,9.0,4.0,HK,1649623154.0
Maraã,-1.8333,-65.3667,81.41,88,69.0,2.24,BR,1649623430.0
Rawson,-43.3002,-65.1023,59.2,50,38.0,21.16,AR,1649623210.0
Clearlake,38.9582,-122.6264,69.22,27,100.0,9.91,US,1649623430.0
Tarime,-1.35,34.3667,69.98,57,98.0,6.69,TZ,1649623430.0
Jacareacanga,-6.2222,-57.7528,76.69,96,83.0,3.67,BR,1649623431.0
Poya,-21.35,165.15,76.19,87,87.0,2.08,NC,1649623431.0
Wonthaggi,-38.6044,145.5913,59.83,66,100.0,13.76,AU,1649623431.0
Aklavik,68.2191,-135.0107,9.16,72,69.0,3.51,CA,1649623432.0
Okha,53.5739,142.9478,22.93,91,100.0,10.74,RU,1649623432.0
Kautokeino,69.0125,23.0412,28.22,97,100.0,16.13,NO,1649623432.0
Caohai,26.8661,104.2841,52.43,89,48.0,6.33,CN,1649623433.0
Ugoofaaru,5.6667,73.0,84.29,72,41.0,13.2,MV,1649623433.0
Itacoatiara,-3.1431,-58.4442,75.38,96,100.0,1.77,BR,1649623162.0
Tocopilla,-22.092,-70.1979,68.16,66,21.0,9.57,CL,1649623313.0
Bavleny,56.4,39.56,38.39,93,100.0,7.4,RU,1649623433.0
Husavik,66.0449,-17.3389,30.81,84,100.0,1.63,IS,1649623434.0
Iberia,29.9502,-91.7507,77.09,50,0.0,24.16,US,1649623434.0
Atikokan,48.7555,-91.6216,38.32,93,100.0,3.11,CA,1649623434.0
Corsicana,32.0954,-96.4689,82.96,50,75.0,25.32,US,1649623435.0
Westport,41.1415,-73.3579,50.56,47,100.0,18.41,US,1649623435.0
Arrondissement de Lannion,48.75,-3.4167,52.02,65,0.0,9.22,FR,1649623435.0
Morehead,37.2711,-87.1764,74.98,35,0.0,11.5,US,1649623436.0
Yako,12.9667,-2.2667,96.03,22,93.0,9.15,BF,1649623436.0
Valdivia,-39.8142,-73.2459,55.49,78,99.0,1.66,CL,1649623217.0
Kita,13.0349,-9.4895,92.82,10,1.0,2.51,ML,1649623436.0
Lavrentiya,65.5833,-171.0,26.46,94,65.0,9.15,RU,1649623437.0
Sørland,67.667,12.6934,39.06,64,76.0,17.65,NO,1649623437.0
Srednekolymsk,67.45,153.6833,0.5,94,100.0,8.57,RU,1649623437.0
Klaksvík,62.2266,-6.589,32.92,64,100.0,6.98,FO,1649623438.0
Vallenar,-28.5708,-70.7581,75.51,31,0.0,7.63,CL,1649623438.0
San Quintín,30.4833,-115.95,64.44,66,0.0,9.89,MX,1649623438.0
Caravelas,-17.7125,-39.2481,78.91,80,40.0,7.23,BR,1649623439.0
Prabumulih,-3.45,104.25,72.57,99,100.0,0.56,ID,1649623439.0
Porto-Novo,6.4965,2.6036,84.02,82,76.0,6.8,BJ,1649623439.0
Norman Wells,65.282,-126.8329,15.84,57,40.0,14.97,CA,1649623439.0
Thinadhoo,0.5333,72.9333,83.77,67,6.0,11.3,MV,1649623440.0
Akşehir,38.3575,31.4164,50.61,64,1.0,6.71,TR,1649623440.0
Ayan,56.45,138.1667,19.45,82,100.0,7.2,RU,1649623440.0
Annigeri,15.4333,75.4333,81.68,50,90.0,5.32,IN,1649623441.0
Tsiroanomandidy,-18.7667,46.0333,66.24,83,49.0,2.89,MG,1649623441.0
Puerto Ayacucho,5.6639,-67.6236,91.08,49,93.0,2.84,VE,1649623441.0
Igrim,63.1906,64.4162,35.91,100,100.0,8.21,RU,1649623442.0
Olinda,-8.0089,-34.8553,83.93,70,40.0,10.36,BR,1649623442.0
Anshan,41.1236,122.99,55.38,75,42.0,13.2,CN,1649623443.0
Goderich,43.7501,-81.7165,39.52,65,38.0,5.75,CA,1649623443.0
Hāgere Selam,6.4833,38.5167,48.58,90,97.0,5.88,ET,1649623444.0
Talakan,50.3167,130.3667,33.39,98,99.0,7.76,RU,1649623444.0
Altay,47.8667,88.1167,31.68,45,0.0,7.07,CN,1649623444.0
Olafsvik,64.8945,-23.7142,38.14,75,100.0,9.28,IS,1649623445.0
Cruzeiro do Sul,-29.5128,-51.9853,76.51,83,100.0,2.51,BR,1649623445.0
Upernavik,72.7868,-56.1549,6.04,82,99.0,7.54,GL,1649623445.0
Cururupu,-1.8283,-44.8683,75.67,94,66.0,3.49,BR,1649623446.0
Murdochville,48.9583,-65.5006,27.48,90,100.0,8.52,CA,1649623446.0
Manta,-0.95,-80.7333,83.98,70,40.0,4.61,EC,1649623447.0
Şuraabad,40.8192,49.4687,57.06,66,13.0,14.0,AZ,1649623447.0
Brits,-25.6347,27.7802,58.73,94,100.0,9.62,ZA,1649623447.0
Chauk,20.8833,94.8167,83.89,56,5.0,5.1,MM,1649623448.0
Makushino,55.2103,67.2442,39.43,67,100.0,12.37,RU,1649623448.0
Port Augusta,-32.5,137.7667,65.71,67,6.0,9.78,AU,1649623448.0
Caniço,32.6333,-16.85,65.03,80,75.0,14.97,PT,1649623449.0
Dunedin,-45.8742,170.5036,52.25,67,0.0,2.57,NZ,1649623449.0
Cockburn Town,21.4612,-71.1419,82.36,61,40.0,12.66,TC,1649623306.0
Bowen,-20.0167,148.2333,77.81,81,100.0,12.37,AU,1649623273.0
Ratnagiri,16.9833,73.3,79.56,84,99.0,2.15,IN,1649623450.0
Kaitangata,-46.2817,169.8464,47.46,85,17.0,5.95,NZ,1649623450.0
Kamaishi,39.2667,141.8833,54.36,63,0.0,7.47,JP,1649623450.0
Turukhansk,65.8167,87.9833,-9.24,100,97.0,4.94,RU,1649623451.0
Novokayakent,42.3937,47.9861,51.64,79,64.0,6.2,RU,1649623451.0
Eyl,7.9803,49.8164,80.35,82,27.0,9.1,SO,1649623451.0
Muros,42.7762,-9.0603,58.84,79,40.0,18.92,ES,1649623452.0
Oktyabr'skoye,43.0645,44.7417,44.74,76,100.0,4.47,RU,1649623452.0
Faanui,-16.4833,-151.75,81.64,75,4.0,17.29,PF,1649623452.0
São Domingos,-13.3983,-46.3183,84.99,34,35.0,2.71,BR,1649623453.0
Saint-Joseph,-21.3667,55.6167,77.38,80,30.0,13.87,RE,1649623453.0
Liberia,6.5,-9.5,74.43,94,38.0,2.3,LR,1649623453.0
Florianópolis,-27.6146,-48.5012,73.69,82,40.0,10.36,BR,1649623454.0
Noumea,-22.2763,166.4572,79.0,99,81.0,10.85,NC,1649623454.0
Isangel,-19.55,169.2667,81.73,73,30.0,8.81,VU,1649623455.0
Margate,51.3813,1.3862,48.31,76,100.0,4.0,GB,1649623455.0
Danané,7.2596,-8.155,72.82,90,99.0,0.63,CI,1649623455.0
Concord,37.978,-122.0311,76.89,24,0.0,14.97,US,1649623456.0
Abū Zabad,12.35,29.25,86.58,16,8.0,7.07,SD,1649623456.0
Kapuskasing,49.4169,-82.4331,44.6,36,75.0,4.61,CA,1649623457.0
Gizo Government Station,-8.103,156.8419,82.45,71,65.0,4.14,SB,1649623457.0
Tuscaloosa,33.2098,-87.5692,78.85,30,0.0,16.11,US,1649623457.0
Griffith,41.5284,-87.4237,63.3,39,0.0,23.02,US,1649623458.0
Makkah al Mukarramah,21.4267,39.8261,82.17,29,0.0,4.56,SA,1649623458.0
San Bartolomé de Tirajana,27.9248,-15.5733,55.87,75,75.0,9.22,ES,1649623458.0
Sakakah,29.9697,40.2064,76.57,18,81.0,7.18,SA,1649623459.0
Lagoa,39.05,-27.9833,55.56,67,84.0,32.61,PT,1649623460.0
Kiryat Gat,31.61,34.7642,69.4,100,51.0,3.06,IL,1649623460.0
Hay River,60.8156,-115.7999,13.98,79,75.0,23.02,CA,1649623335.0
Santoña,43.4439,-3.4576,68.31,75,45.0,9.75,ES,1649623460.0
Omboué,-1.5746,9.2618,77.49,90,54.0,5.08,GA,1649623461.0
Victor Harbor,-35.5667,138.6167,61.0,82,96.0,1.99,AU,1649623461.0
Suntar,62.1444,117.6319,7.54,99,99.0,2.26,RU,1649623461.0
Kormilovka,55.0026,74.1028,32.36,83,3.0,7.38,RU,1649623462.0
Viesca,25.35,-102.8,91.31,10,92.0,17.98,MX,1649623462.0
Akodia,23.3833,76.6,87.04,16,2.0,12.41,IN,1649623462.0
Ossora,59.2353,163.0719,20.68,82,100.0,7.09,RU,1649623463.0
Katherine,-14.4667,132.2667,70.12,60,89.0,3.44,AU,1649623463.0
Benguela,-12.5763,13.4055,75.97,88,79.0,6.24,AO,1649623464.0
Tevaitoa,-16.7833,-151.5,81.66,76,10.0,17.63,PF,1649623464.0
Suez,29.9737,32.5263,65.17,65,70.0,12.17,EG,1649623464.0
Bethel,41.3712,-73.414,48.58,53,93.0,3.0,US,1649623465.0
Avera,33.194,-82.5271,74.55,32,0.0,6.98,US,1649623465.0
Huadian,42.9633,126.7478,56.41,47,82.0,6.89,CN,1649623466.0
Kulhudhuffushi,6.6221,73.07,84.6,72,32.0,11.59,MV,1649623466.0
Jurm,36.8648,70.8342,63.03,34,87.0,6.44,AF,1649623466.0
Saint-Leu,-21.15,55.2833,77.86,78,8.0,14.25,RE,1649623467.0
Mount Isa,-20.7333,139.5,82.17,34,48.0,9.22,AU,1649623467.0
Sinnamary,5.3833,-52.95,79.11,83,63.0,12.73,GF,1649623467.0
Qujing,25.4833,103.7833,53.87,86,4.0,4.63,CN,1649623468.0
Wawa,9.9022,4.4192,94.82,29,89.0,3.29,NG,1649623468.0
Monte Aprazível,-20.7725,-49.7142,90.25,69,34.0,6.49,BR,1649623468.0
West Bay,19.3667,-81.4167,82.47,62,40.0,14.97,KY,1649623469.0
Clyde River,70.4692,-68.5914,3.43,85,0.0,6.91,CA,1649623469.0
La Sarre,48.8002,-79.1996,34.3,66,100.0,7.2,CA,1649623469.0
The Valley,18.217,-63.0578,84.06,69,40.0,13.8,AI,1649623470.0
Bherāmāra,24.0232,88.9925,80.47,78,1.0,8.28,BD,1649623470.0
Mossamedes,-15.1961,12.1522,71.46,79,31.0,3.36,AO,1649623471.0
Vanavara,60.34,102.2797,10.13,98,67.0,3.18,RU,1649623471.0
Eureka,40.8021,-124.1637,59.74,77,79.0,12.39,US,1649623472.0
San-Pédro,4.7485,-6.6363,80.42,86,32.0,5.91,CI,1649623472.0
Novaya Igirma,57.1334,103.9112,21.45,98,86.0,2.73,RU,1649623472.0
Penzance,50.1186,-5.5371,50.68,78,100.0,25.61,GB,1649623473.0
Provideniya,64.3833,-173.3,26.71,80,75.0,13.42,RU,1649623473.0
Itoman,26.1247,127.6694,73.42,96,75.0,9.22,JP,1649623473.0
Half Moon Bay,37.4636,-122.4286,73.9,49,0.0,24.16,US,1649623474.0
Ranong,9.9658,98.6348,77.34,89,100.0,1.48,TH,1649623211.0
Leh,34.1667,77.5833,29.07,52,0.0,5.39,IN,1649623474.0
Āgaro,7.85,36.65,65.91,71,94.0,2.98,ET,1649623474.0
Buraidah,26.326,43.975,81.05,14,32.0,10.13,SA,1649623475.0
Xichang,27.8964,102.2634,57.67,88,78.0,1.14,CN,1649623475.0
Karla,59.3723,24.9275,35.56,75,0.0,10.36,EE,1649623475.0
Alekseyevka,50.6309,38.6903,54.3,71,100.0,6.69,RU,1649623476.0
San Juan,-31.5375,-68.5364,67.35,43,0.0,17.11,AR,1649623476.0
Necochea,-38.5473,-58.7368,66.06,84,100.0,9.28,AR,1649623476.0
Aripuanã,-9.1667,-60.6333,79.56,89,100.0,3.0,BR,1649623477.0
Pirojpur,22.5667,89.9833,76.66,92,27.0,5.23,BD,1649623477.0
Maravilha,-26.7608,-53.1725,71.8,100,100.0,1.99,BR,1649623477.0
Tugolesskiy Bor,55.5505,39.8242,40.37,98,100.0,7.81,RU,1649623478.0
Daru,-9.0763,143.2092,79.99,84,98.0,5.06,PG,1649623478.0
Mwinilunga,-11.7358,24.4293,59.61,99,100.0,4.14,ZM,1649623478.0
Waingapu,-9.6567,120.2641,75.42,79,1.0,6.04,ID,1649623479.0
Al Bardīyah,31.7561,25.0865,62.74,61,0.0,10.38,LY,1649623479.0
Kloulklubed,7.0419,134.2556,82.99,84,100.0,24.49,PW,1649623479.0
Broome,42.2506,-75.833,40.69,66,100.0,13.0,US,1649623480.0
Muzhi,65.3667,64.6667,34.32,100,100.0,9.82,RU,1649623480.0
Kizhinga,51.8462,109.9097,25.79,83,26.0,7.74,RU,1649623480.0
Lifford,54.8319,-7.4836,48.11,79,100.0,15.37,IE,1649623481.0
Marfino,55.7028,37.3822,41.34,75,0.0,4.47,RU,1649623481.0
Kumul,42.8,93.45,52.09,21,93.0,7.23,CN,1649623481.0
Zhengjiatun,43.5064,123.5064,53.4,70,100.0,10.31,CN,1649623481.0
Mitú,1.1983,-70.1733,82.83,74,100.0,1.39,CO,1649623482.0
Puerto Madero,14.7208,-92.4215,87.24,58,35.0,11.1,MX,1649623482.0
Pingliang,35.5392,106.6861,59.14,34,66.0,14.97,CN,1649623482.0
Raahe,64.6833,24.4833,32.09,98,99.0,7.49,FI,1649623483.0
Arlit,18.7369,7.3853,90.77,6,0.0,5.61,NE,1649623483.0
Beyneu,45.3167,55.2,56.86,63,0.0,6.04,KZ,1649623484.0
Zunyi,27.6867,106.9072,60.35,88,64.0,2.8,CN,1649623484.0
Ojinaga,29.5667,-104.4167,90.57,18,0.0,8.05,MX,1649623484.0
Kidal,18.4411,1.4078,89.51,7,0.0,11.9,ML,1649623480.0
Pontes e Lacerda,-15.2261,-59.3353,82.63,81,14.0,2.53,BR,1649623484.0
Barinitas,8.7622,-70.4111,96.28,44,73.0,2.95,VE,1649623485.0
Praia da Vitória,38.7333,-27.0667,56.75,82,75.0,29.55,PT,1649623485.0
Tsumeb,-19.2333,17.7167,71.01,51,30.0,4.29,NA,1649623486.0
Cankuzo Province,-3.1333,30.5833,60.15,88,93.0,2.44,BI,1649623486.0
Gornyy,55.1153,83.9059,12.45,96,16.0,2.91,RU,1649623486.0
Imeni Poliny Osipenko,52.4201,136.4853,26.19,97,100.0,7.47,RU,1649623486.0
Puerto Escondido,15.85,-97.0667,88.63,62,0.0,11.5,MX,1649623487.0
Ngama,11.7833,17.1667,89.83,33,100.0,7.76,TD,1649623487.0
San Antonio,29.4241,-98.4936,94.48,40,0.0,10.36,US,1649623240.0
Yining,29.0361,114.5636,66.67,73,5.0,1.95,CN,1649623488.0
Kuvshinovo,57.0295,34.1725,36.01,81,100.0,4.03,RU,1649623488.0
Ilulissat,69.2167,-51.1,24.82,50,75.0,5.75,GL,1649623488.0
Nelson Bay,-32.7167,152.15,63.0,97,15.0,6.55,AU,1649623484.0
Carutapera,-1.195,-46.02,76.26,92,99.0,4.38,BR,1649623489.0
Murowana Goślina,52.5746,17.0093,37.9,94,97.0,9.4,PL,1649623489.0
Alta Floresta,-9.8756,-56.0861,91.22,55,20.0,1.14,BR,1649623489.0
Raja,8.4596,25.678,78.85,61,100.0,9.95,SS,1649623489.0
Acuitzio,20.345,-101.9771,87.58,18,20.0,16.11,MX,1649623490.0
Konch,25.9833,79.15,88.66,9,7.0,5.08,IN,1649623490.0
Broken Hill,-31.95,141.4333,60.51,63,0.0,4.61,AU,1649623490.0
Swellendam,-34.0226,20.4417,64.8,73,0.0,6.67,ZA,1649623491.0
Ouahigouya,13.5828,-2.4216,94.95,22,62.0,6.15,BF,1649623491.0
Brookings,44.3114,-96.7984,51.46,59,20.0,12.66,US,1649623286.0
Ndélé,8.4109,20.6473,72.77,80,92.0,3.87,CF,1649623491.0
Butembo,0.15,29.2833,60.57,83,100.0,2.71,CD,1649623492.0
Maniitsoq,65.4167,-52.9,30.36,76,100.0,9.84,GL,1649623492.0
Palana,59.1167,159.9667,13.77,95,100.0,8.99,RU,1649623492.0
Carroll,39.5501,-77.0164,50.88,50,100.0,14.97,US,1649623493.0
Ngunguru,-35.6167,174.5,66.02,64,89.0,10.56,NZ,1649623493.0
Grand Gaube,-20.0064,57.6608,77.4,87,12.0,1.01,MU,1649623493.0
Danville,36.586,-79.395,66.87,28,0.0,11.01,US,1649623232.0
Bulgan,48.8125,103.5347,13.91,87,6.0,4.29,MN,1649623494.0
Juquiá,-24.3208,-47.6347,72.36,92,73.0,2.68,BR,1649623494.0
Alofi,-19.0595,-169.9187,82.29,83,86.0,4.61,NU,1649623494.0
Chapais,49.7834,-74.8492,33.58,85,100.0,7.52,CA,1649623495.0
Kalmunai,7.4167,81.8167,77.54,86,68.0,5.19,LK,1649623495.0
Pecos,31.4229,-103.4932,88.63,7,0.0,18.41,US,1649623495.0
Inírida,3.8653,-67.9239,81.46,86,98.0,2.95,CO,1649623496.0
Yeniseysk,58.4497,92.1703,18.57,89,64.0,8.16,RU,1649623496.0
Quesnel,52.9999,-122.5029,45.1,26,0.0,12.66,CA,1649623496.0
Whyalla,-33.0333,137.5833,66.09,88,7.0,11.5,AU,1649623496.0
Januária,-15.4833,-44.3667,86.72,37,43.0,4.12,BR,1649623497.0
Paramirim,-13.4425,-42.2389,81.27,37,5.0,6.82,BR,1649623497.0
Bilma,18.6853,12.9164,87.33,6,0.0,4.03,NE,1649623497.0
Russell,32.3502,-85.1999,76.28,26,0.0,0.0,US,1649623498.0
Beringovskiy,63.05,179.3167,28.74,93,100.0,11.54,RU,1649623498.0
Acapulco de Juárez,16.8634,-99.8901,85.82,62,40.0,5.75,MX,1649623472.0
Beloha,-25.1667,45.05,73.15,83,93.0,17.13,MG,1649623498.0
Teahupoo,-17.8333,-149.2667,73.36,77,32.0,18.68,PF,1649623499.0
Amazar,53.858,120.875,18.12,91,100.0,3.8,RU,1649623499.0
Zahnitkiv,48.0446,28.8958,37.31,97,100.0,16.51,UA,1649623499.0
Paamiut,61.994,-49.6678,29.89,80,100.0,10.31,GL,1649623500.0
Manono,-7.3,27.4167,74.34,75,79.0,4.03,CD,1649623500.0
Smithers,54.7804,-127.1743,39.52,48,40.0,3.44,CA,1649623500.0
Port-Gentil,-0.7193,8.7815,80.35,84,46.0,11.23,GA,1649623501.0
Elblag,54.1522,19.4088,36.97,79,19.0,8.52,PL,1649623280.0
Macklin,52.3334,-109.9348,35.94,52,100.0,22.86,CA,1649623340.0
Rodrigues Alves,-7.738,-72.6509,82.6,76,99.0,3.6,BR,1649623501.0
Hobyo,5.3505,48.5268,81.97,76,6.0,12.64,SO,1649623502.0
Sampit,-2.5333,112.95,72.45,99,96.0,0.72,ID,1649623502.0
Flinders,-34.5833,150.8552,63.68,93,28.0,5.01,AU,1649623503.0
Richards Bay,-28.783,32.0377,65.5,94,100.0,5.3,ZA,1649623503.0
Zhigansk,66.7697,123.3711,-4.29,100,39.0,8.81,RU,1649623483.0
Kisangani,0.5167,25.2,68.97,99,100.0,1.74,CD,1649623504.0
Mudon,16.2578,97.7164,79.09,77,13.0,3.36,MM,1649623504.0
Sechura,-5.5569,-80.8222,81.37,57,35.0,17.38,PE,1649623504.0
Vao,-22.6667,167.4833,77.54,84,56.0,20.33,NC,1649623505.0
Huarmey,-10.0681,-78.1522,72.23,79,28.0,11.41,PE,1649623505.0
Mumford,5.2618,-0.759,81.99,85,66.0,9.4,GH,1649623506.0
Yarmouth,41.7057,-70.2286,55.26,61,75.0,6.91,US,1649623506.0
Malé,4.1748,73.5089,84.15,79,20.0,10.36,MV,1649623506.0
Vila Velha,-20.3297,-40.2925,82.35,82,40.0,11.5,BR,1649623479.0
Odienné,9.51,-7.5692,87.35,36,86.0,5.19,CI,1649623507.0
Cartagena,10.3997,-75.5144,87.42,66,40.0,20.71,CO,1649623507.0
Santa Lucía,27.9117,-15.5407,58.32,68,75.0,9.22,ES,1649623422.0
Grindavik,63.8424,-22.4338,39.15,75,75.0,12.66,IS,1649623508.0
Bālurghāt,25.2167,88.7667,76.08,80,0.0,7.56,IN,1649623209.0
Hofn,64.2539,-15.2082,35.69,68,100.0,0.78,IS,1649623508.0
Acarí,-15.4311,-74.6158,77.07,60,34.0,8.61,PE,1649623509.0
Nishihara,26.1842,127.7558,72.68,97,75.0,9.22,JP,1649623509.0
Tiznit Province,29.5833,-9.5,65.98,59,44.0,2.42,MA,1649623509.0
Portree,57.4129,-6.1942,43.52,78,100.0,1.97,GB,1649623233.0
Chililabombwe,-12.3648,27.8229,60.73,98,74.0,4.74,ZM,1649623510.0
Shenjiamen,29.9576,122.298,61.07,99,34.0,12.24,CN,1649623510.0
Maxixe,-23.8597,35.3472,74.41,90,100.0,11.3,MZ,1649623511.0
Verkhoyansk,67.5447,133.385,-13.95,100,90.0,2.51,RU,1649623511.0
Zyryanka,65.75,150.85,-1.17,96,99.0,3.2,RU,1649623511.0
Maţāy,28.419,30.7792,73.33,29,75.0,11.43,EG,1649623512.0
Durneşti,47.7667,27.1,40.42,72,100.0,10.38,RO,1649623512.0
Tiksi,71.6872,128.8694,-14.96,100,98.0,2.84,RU,1649623512.0
Kichera,55.9375,110.0997,22.46,94,98.0,0.36,RU,1649623513.0
Colombia,20.9881,-77.4297,82.6,46,87.0,16.58,CU,1649623513.0
Jishou,28.3167,109.7167,67.14,81,4.0,2.21,CN,1649623513.0
Lovozero,68.005,35.0117,26.83,88,63.0,9.78,RU,1649623514.0
Ahipara,-35.1667,173.1667,64.74,67,92.0,8.57,NZ,1649623507.0
Carberry,49.8689,-99.3602,50.23,44,59.0,9.13,CA,1649623400.0
Kuching,1.55,110.3333,75.42,100,20.0,3.0,MY,1649623515.0
Aketi,2.7388,23.7833,72.07,89,100.0,2.68,CD,1649623515.0
Muisne,0.6,-80.0333,79.54,80,100.0,8.75,EC,1649623515.0
Gorontalo,0.5412,123.0595,75.2,85,100.0,1.57,ID,1649623464.0
Kuril'sk,45.2333,147.8833,31.01,95,100.0,9.44,RU,1649623516.0
Juneau,58.3019,-134.4197,44.83,42,20.0,14.97,US,1649623309.0
Nioro,13.35,-15.75,89.35,22,29.0,14.58,GM,1649623517.0
Shestakovo,56.4915,103.96,22.93,99,100.0,2.46,RU,1649623517.0
Saravan,39.7196,45.6483,42.6,66,45.0,5.61,AM,1649623517.0
Antofagasta,-23.65,-70.4,65.48,75,4.0,7.74,CL,1649623338.0
Myitkyina,25.3833,97.4,67.3,78,11.0,2.64,MM,1649623518.0
Oussouye,12.485,-16.5469,82.58,60,7.0,11.03,SN,1649623518.0
Mattru,7.6244,-11.8332,79.34,85,100.0,6.35,SL,1649623519.0
Aasiaat,68.7098,-52.8699,19.87,81,100.0,5.86,GL,1649623519.0
Murray Bridge,-35.1167,139.2667,60.12,85,98.0,8.25,AU,1649623519.0
Kirya,-3.9167,37.4833,73.49,69,20.0,5.79,TZ,1649623520.0
Havøysund,70.9963,24.6622,37.63,83,100.0,21.14,NO,1649623499.0
